in s,C1 in V
-6.0000E-08,6.33418E-02
-5.9900E-08,6.13887E-02
-5.9800E-08,5.94355E-02
-5.9700E-08,5.74824E-02
-5.9600E-08,5.55293E-02
-5.9500E-08,5.40645E-02
-5.9400E-08,5.25996E-02
-5.9300E-08,5.11348E-02
-5.9200E-08,4.91816E-02
-5.9100E-08,4.77168E-02
-5.9000E-08,4.62520E-02
-5.8900E-08,4.47871E-02
-5.8800E-08,4.38105E-02
-5.8700E-08,4.33223E-02
-5.8600E-08,4.28340E-02
-5.8500E-08,4.18574E-02
-5.8400E-08,4.08809E-02
-5.8300E-08,3.94160E-02
-5.8200E-08,3.74629E-02
-5.8100E-08,3.59980E-02
-5.8000E-08,3.40449E-02
-5.7900E-08,3.30684E-02
-5.7800E-08,3.20918E-02
-5.7700E-08,3.16035E-02
-5.7600E-08,3.11152E-02
-5.7500E-08,3.06270E-02
-5.7400E-08,2.96504E-02
-5.7300E-08,2.81855E-02
-5.7200E-08,2.67207E-02
-5.7100E-08,2.57441E-02
-5.7000E-08,2.47676E-02
-5.6900E-08,2.47676E-02
-5.6800E-08,2.47676E-02
-5.6700E-08,2.47676E-02
-5.6600E-08,2.47676E-02
-5.6500E-08,2.42793E-02
-5.6400E-08,2.33027E-02
-5.6300E-08,2.28145E-02
-5.6200E-08,2.23262E-02
-5.6100E-08,2.18379E-02
-5.6000E-08,2.13496E-02
-5.5900E-08,2.08613E-02
-5.5800E-08,2.03730E-02
-5.5700E-08,1.93965E-02
-5.5600E-08,1.89082E-02
-5.5500E-08,1.79316E-02
-5.5400E-08,1.74434E-02
-5.5300E-08,1.69551E-02
-5.5200E-08,1.69551E-02
-5.5100E-08,1.69551E-02
-5.5000E-08,1.69551E-02
-5.4900E-08,1.74434E-02
-5.4800E-08,1.69551E-02
-5.4700E-08,1.64668E-02
-5.4600E-08,1.54902E-02
-5.4500E-08,1.45137E-02
-5.4400E-08,1.40254E-02
-5.4300E-08,1.35371E-02
-5.4200E-08,1.35371E-02
-5.4100E-08,1.35371E-02
-5.4000E-08,1.35371E-02
-5.3900E-08,1.35371E-02
-5.3800E-08,1.30488E-02
-5.3700E-08,1.25605E-02
-5.3600E-08,1.15840E-02
-5.3500E-08,1.10957E-02
-5.3400E-08,1.06074E-02
-5.3300E-08,1.10957E-02
-5.3200E-08,1.10957E-02
-5.3100E-08,1.15840E-02
-5.3000E-08,1.15840E-02
-5.2900E-08,1.15840E-02
-5.2800E-08,1.10957E-02
-5.2700E-08,1.01191E-02
-5.2600E-08,9.14258E-03
-5.2500E-08,8.65430E-03
-5.2400E-08,8.65430E-03
-5.2300E-08,8.65430E-03
-5.2200E-08,9.14258E-03
-5.2100E-08,9.14258E-03
-5.2000E-08,9.14258E-03
-5.1900E-08,8.65430E-03
-5.1800E-08,7.67773E-03
-5.1700E-08,6.70117E-03
-5.1600E-08,6.21289E-03
-5.1500E-08,5.72461E-03
-5.1400E-08,5.72461E-03
-5.1300E-08,6.21289E-03
-5.1200E-08,6.70117E-03
-5.1100E-08,6.70117E-03
-5.1000E-08,6.70117E-03
-5.0900E-08,6.21289E-03
-5.0800E-08,5.23633E-03
-5.0700E-08,4.25977E-03
-5.0600E-08,3.77148E-03
-5.0500E-08,3.28320E-03
-5.0400E-08,3.77148E-03
-5.0300E-08,4.25977E-03
-5.0200E-08,4.74805E-03
-5.0100E-08,5.23633E-03
-5.0000E-08,5.72461E-03
-4.9900E-08,5.23633E-03
-4.9800E-08,4.74805E-03
-4.9700E-08,3.77148E-03
-4.9600E-08,3.28320E-03
-4.9500E-08,3.28320E-03
-4.9400E-08,3.28320E-03
-4.9300E-08,3.77148E-03
-4.9200E-08,3.77148E-03
-4.9100E-08,4.25977E-03
-4.9000E-08,4.25977E-03
-4.8900E-08,4.25977E-03
-4.8800E-08,4.25977E-03
-4.8700E-08,4.25977E-03
-4.8600E-08,4.25977E-03
-4.8500E-08,4.25977E-03
-4.8400E-08,4.25977E-03
-4.8300E-08,3.77148E-03
-4.8200E-08,3.28320E-03
-4.8100E-08,3.28320E-03
-4.8000E-08,2.79492E-03
-4.7900E-08,3.28320E-03
-4.7800E-08,3.77148E-03
-4.7700E-08,4.25977E-03
-4.7600E-08,4.25977E-03
-4.7500E-08,4.25977E-03
-4.7400E-08,3.77148E-03
-4.7300E-08,3.28320E-03
-4.7200E-08,3.28320E-03
-4.7100E-08,3.77148E-03
-4.7000E-08,4.74805E-03
-4.6900E-08,5.72461E-03
-4.6800E-08,6.70117E-03
-4.6700E-08,7.18945E-03
-4.6600E-08,7.18945E-03
-4.6500E-08,6.70117E-03
-4.6400E-08,5.72461E-03
-4.6300E-08,5.72461E-03
-4.6200E-08,6.21289E-03
-4.6100E-08,6.70117E-03
-4.6000E-08,7.67773E-03
-4.5900E-08,8.16602E-03
-4.5800E-08,8.16602E-03
-4.5700E-08,8.16602E-03
-4.5600E-08,7.67773E-03
-4.5500E-08,7.67773E-03
-4.5400E-08,8.16602E-03
-4.5300E-08,8.65430E-03
-4.5200E-08,1.01191E-02
-4.5100E-08,1.10957E-02
-4.5000E-08,1.20723E-02
-4.4900E-08,1.30488E-02
-4.4800E-08,1.35371E-02
-4.4700E-08,1.40254E-02
-4.4600E-08,1.45137E-02
-4.4500E-08,1.54902E-02
-4.4400E-08,1.64668E-02
-4.4300E-08,1.74434E-02
-4.4200E-08,1.84199E-02
-4.4100E-08,1.93965E-02
-4.4000E-08,2.03730E-02
-4.3900E-08,2.18379E-02
-4.3800E-08,2.33027E-02
-4.3700E-08,2.52559E-02
-4.3600E-08,2.72090E-02
-4.3500E-08,2.86738E-02
-4.3400E-08,2.96504E-02
-4.3300E-08,3.06270E-02
-4.3200E-08,3.16035E-02
-4.3100E-08,3.25801E-02
-4.3000E-08,3.40449E-02
-4.2900E-08,3.59980E-02
-4.2800E-08,3.79512E-02
-4.2700E-08,4.03926E-02
-4.2600E-08,4.28340E-02
-4.2500E-08,4.47871E-02
-4.2400E-08,4.67402E-02
-4.2300E-08,4.82051E-02
-4.2200E-08,4.96699E-02
-4.2100E-08,5.16230E-02
-4.2000E-08,5.35762E-02
-4.1900E-08,5.55293E-02
-4.1800E-08,5.74824E-02
-4.1700E-08,5.94355E-02
-4.1600E-08,6.13887E-02
-4.1500E-08,6.28535E-02
-4.1400E-08,6.43184E-02
-4.1300E-08,6.62715E-02
-4.1200E-08,6.82246E-02
-4.1100E-08,7.06660E-02
-4.1000E-08,7.31074E-02
-4.0900E-08,7.55488E-02
-4.0800E-08,7.75020E-02
-4.0700E-08,7.89668E-02
-4.0600E-08,7.99434E-02
-4.0500E-08,8.14082E-02
-4.0400E-08,8.28730E-02
-4.0300E-08,8.53145E-02
-4.0200E-08,8.82441E-02
-4.0100E-08,9.11738E-02
-4.0000E-08,9.41035E-02
-3.9900E-08,9.65449E-02
-3.9800E-08,9.84980E-02
-3.9700E-08,9.94746E-02
-3.9600E-08,1.00939E-01
-3.9500E-08,1.02404E-01
-3.9400E-08,1.04357E-01
-3.9300E-08,1.06799E-01
-3.9200E-08,1.08752E-01
-3.9100E-08,1.10705E-01
-3.9000E-08,1.12170E-01
-3.8900E-08,1.13635E-01
-3.8800E-08,1.14611E-01
-3.8700E-08,1.16076E-01
-3.8600E-08,1.18029E-01
-3.8500E-08,1.19982E-01
-3.8400E-08,1.21936E-01
-3.8300E-08,1.23400E-01
-3.8200E-08,1.24377E-01
-3.8100E-08,1.24865E-01
-3.8000E-08,1.25354E-01
-3.7900E-08,1.26330E-01
-3.7800E-08,1.27795E-01
-3.7700E-08,1.29260E-01
-3.7600E-08,1.31213E-01
-3.7500E-08,1.32678E-01
-3.7400E-08,1.33654E-01
-3.7300E-08,1.33654E-01
-3.7200E-08,1.33654E-01
-3.7100E-08,1.33654E-01
-3.7000E-08,1.34143E-01
-3.6900E-08,1.35607E-01
-3.6800E-08,1.37561E-01
-3.6700E-08,1.39514E-01
-3.6600E-08,1.41467E-01
-3.6500E-08,1.42443E-01
-3.6400E-08,1.42932E-01
-3.6300E-08,1.42932E-01
-3.6200E-08,1.42443E-01
-3.6100E-08,1.42443E-01
-3.6000E-08,1.42443E-01
-3.5900E-08,1.42932E-01
-3.5800E-08,1.43908E-01
-3.5700E-08,1.44885E-01
-3.5600E-08,1.45861E-01
-3.5500E-08,1.46350E-01
-3.5400E-08,1.46838E-01
-3.5300E-08,1.47326E-01
-3.5200E-08,1.47326E-01
-3.5100E-08,1.47814E-01
-3.5000E-08,1.48303E-01
-3.4900E-08,1.48791E-01
-3.4800E-08,1.49279E-01
-3.4700E-08,1.49768E-01
-3.4600E-08,1.50256E-01
-3.4500E-08,1.50256E-01
-3.4400E-08,1.50744E-01
-3.4300E-08,1.51232E-01
-3.4200E-08,1.52209E-01
-3.4100E-08,1.53186E-01
-3.4000E-08,1.53674E-01
-3.3900E-08,1.54162E-01
-3.3800E-08,1.54162E-01
-3.3700E-08,1.54162E-01
-3.3600E-08,1.54162E-01
-3.3500E-08,1.54162E-01
-3.3400E-08,1.54650E-01
-3.3300E-08,1.54650E-01
-3.3200E-08,1.55139E-01
-3.3100E-08,1.55627E-01
-3.3000E-08,1.55627E-01
-3.2900E-08,1.55627E-01
-3.2800E-08,1.55627E-01
-3.2700E-08,1.56115E-01
-3.2600E-08,1.56604E-01
-3.2500E-08,1.57580E-01
-3.2400E-08,1.58557E-01
-3.2300E-08,1.59045E-01
-3.2200E-08,1.59533E-01
-3.2100E-08,1.59533E-01
-3.2000E-08,1.59045E-01
-3.1900E-08,1.59045E-01
-3.1800E-08,1.59045E-01
-3.1700E-08,1.59533E-01
-3.1600E-08,1.59533E-01
-3.1500E-08,1.60021E-01
-3.1400E-08,1.60510E-01
-3.1300E-08,1.60510E-01
-3.1200E-08,1.60510E-01
-3.1100E-08,1.60510E-01
-3.1000E-08,1.60510E-01
-3.0900E-08,1.60998E-01
-3.0800E-08,1.61486E-01
-3.0700E-08,1.61975E-01
-3.0600E-08,1.62463E-01
-3.0500E-08,1.62463E-01
-3.0400E-08,1.62951E-01
-3.0300E-08,1.62951E-01
-3.0200E-08,1.62951E-01
-3.0100E-08,1.63439E-01
-3.0000E-08,1.63439E-01
-2.9900E-08,1.63439E-01
-2.9800E-08,1.63439E-01
-2.9700E-08,1.63439E-01
-2.9600E-08,1.63439E-01
-2.9500E-08,1.63928E-01
-2.9400E-08,1.64416E-01
-2.9300E-08,1.64904E-01
-2.9200E-08,1.65393E-01
-2.9100E-08,1.65393E-01
-2.9000E-08,1.65393E-01
-2.8900E-08,1.64904E-01
-2.8800E-08,1.64416E-01
-2.8700E-08,1.64416E-01
-2.8600E-08,1.64416E-01
-2.8500E-08,1.64416E-01
-2.8400E-08,1.64904E-01
-2.8300E-08,1.64904E-01
-2.8200E-08,1.64904E-01
-2.8100E-08,1.64416E-01
-2.8000E-08,1.63928E-01
-2.7900E-08,1.63439E-01
-2.7800E-08,1.62951E-01
-2.7700E-08,1.62951E-01
-2.7600E-08,1.62951E-01
-2.7500E-08,1.63439E-01
-2.7400E-08,1.63928E-01
-2.7300E-08,1.64416E-01
-2.7200E-08,1.64416E-01
-2.7100E-08,1.64416E-01
-2.7000E-08,1.64416E-01
-2.6900E-08,1.63928E-01
-2.6800E-08,1.63439E-01
-2.6700E-08,1.62951E-01
-2.6600E-08,1.62463E-01
-2.6500E-08,1.61975E-01
-2.6400E-08,1.61486E-01
-2.6300E-08,1.60998E-01
-2.6200E-08,1.60510E-01
-2.6100E-08,1.60021E-01
-2.6000E-08,1.59533E-01
-2.5900E-08,1.59533E-01
-2.5800E-08,1.59533E-01
-2.5700E-08,1.59533E-01
-2.5600E-08,1.59533E-01
-2.5500E-08,1.59045E-01
-2.5400E-08,1.58557E-01
-2.5300E-08,1.57580E-01
-2.5200E-08,1.56604E-01
-2.5100E-08,1.55627E-01
-2.5000E-08,1.54650E-01
-2.4900E-08,1.54162E-01
-2.4800E-08,1.53186E-01
-2.4700E-08,1.52209E-01
-2.4600E-08,1.51232E-01
-2.4500E-08,1.49768E-01
-2.4400E-08,1.48791E-01
-2.4300E-08,1.47326E-01
-2.4200E-08,1.46350E-01
-2.4100E-08,1.44885E-01
-2.4000E-08,1.43420E-01
-2.3900E-08,1.41467E-01
-2.3800E-08,1.39514E-01
-2.3700E-08,1.37561E-01
-2.3600E-08,1.36096E-01
-2.3500E-08,1.34631E-01
-2.3400E-08,1.33654E-01
-2.3300E-08,1.32189E-01
-2.3200E-08,1.30725E-01
-2.3100E-08,1.28283E-01
-2.3000E-08,1.25354E-01
-2.2900E-08,1.22424E-01
-2.2800E-08,1.19494E-01
-2.2700E-08,1.17053E-01
-2.2600E-08,1.15588E-01
-2.2500E-08,1.14611E-01
-2.2400E-08,1.13635E-01
-2.2300E-08,1.12658E-01
-2.2200E-08,1.10705E-01
-2.2100E-08,1.08264E-01
-2.2000E-08,1.05334E-01
-2.1900E-08,1.01916E-01
-2.1800E-08,9.89863E-02
-2.1700E-08,9.60566E-02
-2.1600E-08,9.45918E-02
-2.1500E-08,9.31270E-02
-2.1400E-08,9.21504E-02
-2.1300E-08,9.06855E-02
-2.1200E-08,8.92207E-02
-2.1100E-08,8.72676E-02
-2.1000E-08,8.48262E-02
-2.0900E-08,8.23848E-02
-2.0800E-08,7.99434E-02
-2.0700E-08,7.79902E-02
-2.0600E-08,7.60371E-02
-2.0500E-08,7.45723E-02
-2.0400E-08,7.31074E-02
-2.0300E-08,7.16426E-02
-2.0200E-08,7.01777E-02
-2.0100E-08,6.82246E-02
-2.0000E-08,6.62715E-02
-1.9900E-08,6.38301E-02
-1.9800E-08,6.13887E-02
-1.9700E-08,5.89473E-02
-1.9600E-08,5.65059E-02
-1.9500E-08,5.40645E-02
-1.9400E-08,5.16230E-02
-1.9300E-08,4.96699E-02
-1.9200E-08,4.77168E-02
-1.9100E-08,4.67402E-02
-1.9000E-08,4.57637E-02
-1.8900E-08,4.52754E-02
-1.8800E-08,4.47871E-02
-1.8700E-08,4.42988E-02
-1.8600E-08,4.33223E-02
-1.8500E-08,4.18574E-02
-1.8400E-08,3.99043E-02
-1.8300E-08,3.84395E-02
-1.8200E-08,3.69746E-02
-1.8100E-08,3.59980E-02
-1.8000E-08,3.55098E-02
-1.7900E-08,3.50215E-02
-1.7800E-08,3.45332E-02
-1.7700E-08,3.40449E-02
-1.7600E-08,3.30684E-02
-1.7500E-08,3.16035E-02
-1.7400E-08,3.01387E-02
-1.7300E-08,2.91621E-02
-1.7200E-08,2.81855E-02
-1.7100E-08,2.76973E-02
-1.7000E-08,2.76973E-02
-1.6900E-08,2.72090E-02
-1.6800E-08,2.67207E-02
-1.6700E-08,2.62324E-02
-1.6600E-08,2.52559E-02
-1.6500E-08,2.37910E-02
-1.6400E-08,2.28145E-02
-1.6300E-08,2.23262E-02
-1.6200E-08,2.18379E-02
-1.6100E-08,2.18379E-02
-1.6000E-08,2.18379E-02
-1.5900E-08,2.18379E-02
-1.5800E-08,2.13496E-02
-1.5700E-08,2.03730E-02
-1.5600E-08,1.98848E-02
-1.5500E-08,1.89082E-02
-1.5400E-08,1.84199E-02
-1.5300E-08,1.79316E-02
-1.5200E-08,1.74434E-02
-1.5100E-08,1.69551E-02
-1.5000E-08,1.64668E-02
-1.4900E-08,1.59785E-02
-1.4800E-08,1.54902E-02
-1.4700E-08,1.50020E-02
-1.4600E-08,1.50020E-02
-1.4500E-08,1.54902E-02
-1.4400E-08,1.54902E-02
-1.4300E-08,1.59785E-02
-1.4200E-08,1.59785E-02
-1.4100E-08,1.54902E-02
-1.4000E-08,1.50020E-02
-1.3900E-08,1.40254E-02
-1.3800E-08,1.35371E-02
-1.3700E-08,1.30488E-02
-1.3600E-08,1.25605E-02
-1.3500E-08,1.25605E-02
-1.3400E-08,1.25605E-02
-1.3300E-08,1.20723E-02
-1.3200E-08,1.15840E-02
-1.3100E-08,1.06074E-02
-1.3000E-08,9.63086E-03
-1.2900E-08,9.14258E-03
-1.2800E-08,9.14258E-03
-1.2700E-08,9.14258E-03
-1.2600E-08,9.63086E-03
-1.2500E-08,9.63086E-03
-1.2400E-08,9.63086E-03
-1.2300E-08,9.14258E-03
-1.2200E-08,8.16602E-03
-1.2100E-08,7.67773E-03
-1.2000E-08,6.70117E-03
-1.1900E-08,6.70117E-03
-1.1800E-08,6.70117E-03
-1.1700E-08,7.18945E-03
-1.1600E-08,7.67773E-03
-1.1500E-08,7.67773E-03
-1.1400E-08,7.18945E-03
-1.1300E-08,6.70117E-03
-1.1200E-08,5.72461E-03
-1.1100E-08,5.23633E-03
-1.1000E-08,5.23633E-03
-1.0900E-08,5.23633E-03
-1.0800E-08,5.72461E-03
-1.0700E-08,6.21289E-03
-1.0600E-08,6.21289E-03
-1.0500E-08,6.21289E-03
-1.0400E-08,5.72461E-03
-1.0300E-08,5.72461E-03
-1.0200E-08,5.72461E-03
-1.0100E-08,5.72461E-03
-1.0000E-08,5.72461E-03
-9.9000E-09,5.72461E-03
-9.8000E-09,5.23633E-03
-9.7000E-09,4.74805E-03
-9.6000E-09,3.77148E-03
-9.5000E-09,3.28320E-03
-9.4000E-09,3.28320E-03
-9.3000E-09,3.28320E-03
-9.2000E-09,3.77148E-03
-9.1000E-09,4.74805E-03
-9.0000E-09,5.23633E-03
-8.9000E-09,5.72461E-03
-8.8000E-09,5.23633E-03
-8.7000E-09,4.74805E-03
-8.6000E-09,4.25977E-03
-8.5000E-09,3.77148E-03
-8.4000E-09,3.28320E-03
-8.3000E-09,3.77148E-03
-8.2000E-09,4.25977E-03
-8.1000E-09,4.74805E-03
-8.0000E-09,5.23633E-03
-7.9000E-09,5.72461E-03
-7.8000E-09,5.72461E-03
-7.7000E-09,5.72461E-03
-7.6000E-09,5.72461E-03
-7.5000E-09,5.72461E-03
-7.4000E-09,6.21289E-03
-7.3000E-09,6.21289E-03
-7.2000E-09,6.70117E-03
-7.1000E-09,7.18945E-03
-7.0000E-09,7.18945E-03
-6.9000E-09,6.70117E-03
-6.8000E-09,6.21289E-03
-6.7000E-09,5.72461E-03
-6.6000E-09,5.23633E-03
-6.5000E-09,5.72461E-03
-6.4000E-09,6.21289E-03
-6.3000E-09,7.18945E-03
-6.2000E-09,8.16602E-03
-6.1000E-09,8.65430E-03
-6.0000E-09,9.14258E-03
-5.9000E-09,8.65430E-03
-5.8000E-09,8.16602E-03
-5.7000E-09,7.67773E-03
-5.6000E-09,7.67773E-03
-5.5000E-09,8.16602E-03
-5.4000E-09,9.14258E-03
-5.3000E-09,1.06074E-02
-5.2000E-09,1.15840E-02
-5.1000E-09,1.20723E-02
-5.0000E-09,1.20723E-02
-4.9000E-09,1.20723E-02
-4.8000E-09,1.15840E-02
-4.7000E-09,1.20723E-02
-4.6000E-09,1.30488E-02
-4.5000E-09,1.45137E-02
-4.4000E-09,1.59785E-02
-4.3000E-09,1.79316E-02
-4.2000E-09,1.93965E-02
-4.1000E-09,1.98848E-02
-4.0000E-09,2.08613E-02
-3.9000E-09,2.13496E-02
-3.8000E-09,2.23262E-02
-3.7000E-09,2.33027E-02
-3.6000E-09,2.52559E-02
-3.5000E-09,2.72090E-02
-3.4000E-09,2.91621E-02
-3.3000E-09,3.06270E-02
-3.2000E-09,3.20918E-02
-3.1000E-09,3.35566E-02
-3.0000E-09,3.45332E-02
-2.9000E-09,3.59980E-02
-2.8000E-09,3.74629E-02
-2.7000E-09,3.94160E-02
-2.6000E-09,4.13691E-02
-2.5000E-09,4.33223E-02
-2.4000E-09,4.57637E-02
-2.3000E-09,4.77168E-02
-2.2000E-09,4.96699E-02
-2.1000E-09,5.16230E-02
-2.0000E-09,5.35762E-02
-1.9000E-09,5.50410E-02
-1.8000E-09,5.65059E-02
-1.7000E-09,5.84590E-02
-1.6000E-09,5.99238E-02
-1.5000E-09,6.18770E-02
-1.4000E-09,6.38301E-02
-1.3000E-09,6.62715E-02
-1.2000E-09,6.82246E-02
-1.1000E-09,7.06660E-02
-1.0000E-09,7.31074E-02
-9.0000E-10,7.50605E-02
-8.0000E-10,7.70137E-02
-7.0000E-10,7.84785E-02
-6.0000E-10,7.99434E-02
-5.0000E-10,8.18965E-02
-4.0000E-10,8.33613E-02
-3.0000E-10,8.53145E-02
-2.0000E-10,8.72676E-02
-1.0000E-10,8.97090E-02
4.0000E-24,9.16621E-02
1.0000E-10,9.41035E-02
2.0000E-10,9.65449E-02
3.0000E-10,9.84980E-02
4.0000E-10,1.00451E-01
5.0000E-10,1.02404E-01
6.0000E-10,1.04357E-01
7.0000E-10,1.05822E-01
8.0000E-10,1.07775E-01
9.0000E-10,1.09240E-01
1.0000E-09,1.10705E-01
1.1000E-09,1.12658E-01
1.2000E-09,1.14123E-01
1.3000E-09,1.16076E-01
1.4000E-09,1.18029E-01
1.5000E-09,1.19982E-01
1.6000E-09,1.21936E-01
1.7000E-09,1.23400E-01
1.8000E-09,1.24377E-01
1.9000E-09,1.25354E-01
2.0000E-09,1.26330E-01
2.1000E-09,1.27307E-01
2.2000E-09,1.28283E-01
2.3000E-09,1.29748E-01
2.4000E-09,1.30725E-01
2.5000E-09,1.31701E-01
2.6000E-09,1.32678E-01
2.7000E-09,1.33654E-01
2.8000E-09,1.34143E-01
2.9000E-09,1.35119E-01
3.0000E-09,1.36096E-01
3.1000E-09,1.37561E-01
3.2000E-09,1.38537E-01
3.3000E-09,1.39514E-01
3.4000E-09,1.40490E-01
3.5000E-09,1.40979E-01
3.6000E-09,1.41467E-01
3.7000E-09,1.41955E-01
3.8000E-09,1.42443E-01
3.9000E-09,1.42932E-01
4.0000E-09,1.43908E-01
4.1000E-09,1.44396E-01
4.2000E-09,1.44885E-01
4.3000E-09,1.45373E-01
4.4000E-09,1.45861E-01
4.5000E-09,1.46350E-01
4.6000E-09,1.46838E-01
4.7000E-09,1.47326E-01
4.8000E-09,1.47814E-01
4.9000E-09,1.48303E-01
5.0000E-09,1.48791E-01
5.1000E-09,1.49279E-01
5.2000E-09,1.49768E-01
5.3000E-09,1.50256E-01
5.4000E-09,1.51232E-01
5.5000E-09,1.51721E-01
5.6000E-09,1.52209E-01
5.7000E-09,1.52697E-01
5.8000E-09,1.52697E-01
5.9000E-09,1.52697E-01
6.0000E-09,1.52697E-01
6.1000E-09,1.53186E-01
6.2000E-09,1.53674E-01
6.3000E-09,1.54162E-01
6.4000E-09,1.54650E-01
6.5000E-09,1.55139E-01
6.6000E-09,1.55139E-01
6.7000E-09,1.55139E-01
6.8000E-09,1.55139E-01
6.9000E-09,1.55139E-01
7.0000E-09,1.55627E-01
7.1000E-09,1.56115E-01
7.2000E-09,1.56604E-01
7.3000E-09,1.57580E-01
7.4000E-09,1.58068E-01
7.5000E-09,1.58557E-01
7.6000E-09,1.59045E-01
7.7000E-09,1.59533E-01
7.8000E-09,1.60021E-01
7.9000E-09,1.60021E-01
8.0000E-09,1.60021E-01
8.1000E-09,1.60021E-01
8.2000E-09,1.59533E-01
8.3000E-09,1.59533E-01
8.4000E-09,1.59045E-01
8.5000E-09,1.59045E-01
8.6000E-09,1.59533E-01
8.7000E-09,1.60021E-01
8.8000E-09,1.60510E-01
8.9000E-09,1.60998E-01
9.0000E-09,1.61486E-01
9.1000E-09,1.61486E-01
9.2000E-09,1.61486E-01
9.3000E-09,1.61486E-01
9.4000E-09,1.61486E-01
9.5000E-09,1.61975E-01
9.6000E-09,1.62463E-01
9.7000E-09,1.62951E-01
9.8000E-09,1.63439E-01
9.9000E-09,1.63439E-01
1.0000E-08,1.63439E-01
1.0100E-08,1.63439E-01
1.0200E-08,1.63439E-01
1.0300E-08,1.63928E-01
1.0400E-08,1.63928E-01
1.0500E-08,1.64416E-01
1.0600E-08,1.64416E-01
1.0700E-08,1.64904E-01
1.0800E-08,1.64416E-01
1.0900E-08,1.64416E-01
1.1000E-08,1.64416E-01
1.1100E-08,1.63928E-01
1.1200E-08,1.63928E-01
1.1300E-08,1.63928E-01
1.1400E-08,1.63928E-01
1.1500E-08,1.63439E-01
1.1600E-08,1.63439E-01
1.1700E-08,1.62951E-01
1.1800E-08,1.62951E-01
1.1900E-08,1.62951E-01
1.2000E-08,1.62951E-01
1.2100E-08,1.63439E-01
1.2200E-08,1.63928E-01
1.2300E-08,1.64416E-01
1.2400E-08,1.64416E-01
1.2500E-08,1.64416E-01
1.2600E-08,1.63928E-01
1.2700E-08,1.63439E-01
1.2800E-08,1.62951E-01
1.2900E-08,1.62463E-01
1.3000E-08,1.62463E-01
1.3100E-08,1.62951E-01
1.3200E-08,1.62951E-01
1.3300E-08,1.62951E-01
1.3400E-08,1.62951E-01
1.3500E-08,1.62463E-01
1.3600E-08,1.61975E-01
1.3700E-08,1.61486E-01
1.3800E-08,1.61486E-01
1.3900E-08,1.61486E-01
1.4000E-08,1.61486E-01
1.4100E-08,1.61486E-01
1.4200E-08,1.60998E-01
1.4300E-08,1.60510E-01
1.4400E-08,1.59533E-01
1.4500E-08,1.58068E-01
1.4600E-08,1.57092E-01
1.4700E-08,1.56115E-01
1.4800E-08,1.55139E-01
1.4900E-08,1.54650E-01
1.5000E-08,1.54162E-01
1.5100E-08,1.53674E-01
1.5200E-08,1.52697E-01
1.5300E-08,1.51721E-01
1.5400E-08,1.50744E-01
1.5500E-08,1.49768E-01
1.5600E-08,1.48791E-01
1.5700E-08,1.47814E-01
1.5800E-08,1.46838E-01
1.5900E-08,1.45373E-01
1.6000E-08,1.43908E-01
1.6100E-08,1.41955E-01
1.6200E-08,1.40002E-01
1.6300E-08,1.38049E-01
1.6400E-08,1.36096E-01
1.6500E-08,1.34143E-01
1.6600E-08,1.32189E-01
1.6700E-08,1.30725E-01
1.6800E-08,1.29260E-01
1.6900E-08,1.27307E-01
1.7000E-08,1.25354E-01
1.7100E-08,1.23400E-01
1.7200E-08,1.21447E-01
1.7300E-08,1.19006E-01
1.7400E-08,1.17053E-01
1.7500E-08,1.15100E-01
1.7600E-08,1.13146E-01
1.7700E-08,1.11193E-01
1.7800E-08,1.09240E-01
1.7900E-08,1.07287E-01
1.8000E-08,1.04846E-01
1.8100E-08,1.02404E-01
1.8200E-08,9.99629E-02
1.8300E-08,9.75215E-02
1.8400E-08,9.55684E-02
1.8500E-08,9.36152E-02
1.8600E-08,9.21504E-02
1.8700E-08,9.06855E-02
1.8800E-08,8.87324E-02
1.8900E-08,8.62910E-02
1.9000E-08,8.33613E-02
1.9100E-08,8.09199E-02
1.9200E-08,7.79902E-02
1.9300E-08,7.60371E-02
1.9400E-08,7.45723E-02
1.9500E-08,7.31074E-02
1.9600E-08,7.21309E-02
1.9700E-08,7.06660E-02
1.9800E-08,6.87129E-02
1.9900E-08,6.62715E-02
2.0000E-08,6.43184E-02
2.0100E-08,6.18770E-02
2.0200E-08,5.99238E-02
2.0300E-08,5.84590E-02
2.0400E-08,5.74824E-02
2.0500E-08,5.60176E-02
2.0600E-08,5.45527E-02
2.0700E-08,5.25996E-02
2.0800E-08,5.06465E-02
2.0900E-08,4.86934E-02
2.1000E-08,4.67402E-02
2.1100E-08,4.57637E-02
2.1200E-08,4.47871E-02
2.1300E-08,4.38105E-02
2.1400E-08,4.28340E-02
2.1500E-08,4.18574E-02
2.1600E-08,4.08809E-02
2.1700E-08,3.94160E-02
2.1800E-08,3.79512E-02
2.1900E-08,3.64863E-02
2.2000E-08,3.55098E-02
2.2100E-08,3.45332E-02
2.2200E-08,3.35566E-02
2.2300E-08,3.25801E-02
2.2400E-08,3.16035E-02
2.2500E-08,3.06270E-02
2.2600E-08,2.96504E-02
2.2700E-08,2.86738E-02
2.2800E-08,2.81855E-02
2.2900E-08,2.76973E-02
2.3000E-08,2.72090E-02
2.3100E-08,2.72090E-02
2.3200E-08,2.62324E-02
2.3300E-08,2.57441E-02
2.3400E-08,2.47676E-02
2.3500E-08,2.42793E-02
2.3600E-08,2.37910E-02
2.3700E-08,2.33027E-02
2.3800E-08,2.33027E-02
2.3900E-08,2.28145E-02
2.4000E-08,2.28145E-02
2.4100E-08,2.18379E-02
2.4200E-08,2.08613E-02
2.4300E-08,1.93965E-02
2.4400E-08,1.79316E-02
2.4500E-08,1.74434E-02
2.4600E-08,1.74434E-02
2.4700E-08,1.74434E-02
2.4800E-08,1.79316E-02
2.4900E-08,1.79316E-02
2.5000E-08,1.74434E-02
2.5100E-08,1.69551E-02
2.5200E-08,1.59785E-02
2.5300E-08,1.50020E-02
2.5400E-08,1.45137E-02
2.5500E-08,1.40254E-02
2.5600E-08,1.45137E-02
2.5700E-08,1.45137E-02
2.5800E-08,1.45137E-02
2.5900E-08,1.40254E-02
2.6000E-08,1.35371E-02
2.6100E-08,1.25605E-02
2.6200E-08,1.20723E-02
2.6300E-08,1.15840E-02
2.6400E-08,1.15840E-02
2.6500E-08,1.20723E-02
2.6600E-08,1.25605E-02
2.6700E-08,1.30488E-02
2.6800E-08,1.30488E-02
2.6900E-08,1.25605E-02
2.7000E-08,1.20723E-02
2.7100E-08,1.10957E-02
2.7200E-08,1.06074E-02
2.7300E-08,1.01191E-02
2.7400E-08,9.63086E-03
2.7500E-08,9.63086E-03
2.7600E-08,9.14258E-03
2.7700E-08,8.65430E-03
2.7800E-08,8.16602E-03
2.7900E-08,7.18945E-03
2.8000E-08,6.70117E-03
2.8100E-08,6.70117E-03
2.8200E-08,6.70117E-03
2.8300E-08,6.70117E-03
2.8400E-08,6.70117E-03
2.8500E-08,6.70117E-03
2.8600E-08,6.21289E-03
2.8700E-08,6.21289E-03
2.8800E-08,5.72461E-03
2.8900E-08,5.72461E-03
2.9000E-08,5.72461E-03
2.9100E-08,6.21289E-03
2.9200E-08,6.70117E-03
2.9300E-08,6.70117E-03
2.9400E-08,6.70117E-03
2.9500E-08,6.21289E-03
2.9600E-08,5.72461E-03
2.9700E-08,5.72461E-03
2.9800E-08,5.72461E-03
2.9900E-08,5.72461E-03
3.0000E-08,5.72461E-03
3.0100E-08,5.23633E-03
3.0200E-08,4.74805E-03
3.0300E-08,3.77148E-03
3.0400E-08,3.28320E-03
3.0500E-08,3.28320E-03
3.0600E-08,3.77148E-03
3.0700E-08,4.25977E-03
3.0800E-08,4.74805E-03
3.0900E-08,4.74805E-03
3.1000E-08,4.74805E-03
3.1100E-08,4.25977E-03
3.1200E-08,4.25977E-03
3.1300E-08,4.25977E-03
3.1400E-08,4.74805E-03
3.1500E-08,5.23633E-03
3.1600E-08,5.72461E-03
3.1700E-08,5.72461E-03
3.1800E-08,5.23633E-03
3.1900E-08,4.74805E-03
3.2000E-08,3.77148E-03
3.2100E-08,3.77148E-03
3.2200E-08,4.25977E-03
3.2300E-08,4.74805E-03
3.2400E-08,5.72461E-03
3.2500E-08,6.21289E-03
3.2600E-08,6.21289E-03
3.2700E-08,5.72461E-03
3.2800E-08,5.23633E-03
3.2900E-08,4.74805E-03
3.3000E-08,4.74805E-03
3.3100E-08,4.74805E-03
3.3200E-08,5.23633E-03
3.3300E-08,5.23633E-03
3.3400E-08,5.23633E-03
3.3500E-08,5.23633E-03
3.3600E-08,5.23633E-03
3.3700E-08,5.72461E-03
3.3800E-08,6.70117E-03
3.3900E-08,7.67773E-03
3.4000E-08,8.16602E-03
3.4100E-08,8.65430E-03
3.4200E-08,8.65430E-03
3.4300E-08,8.16602E-03
3.4400E-08,7.67773E-03
3.4500E-08,8.16602E-03
3.4600E-08,9.14258E-03
3.4700E-08,1.06074E-02
3.4800E-08,1.25605E-02
3.4900E-08,1.35371E-02
3.5000E-08,1.40254E-02
3.5100E-08,1.35371E-02
3.5200E-08,1.30488E-02
3.5300E-08,1.25605E-02
3.5400E-08,1.30488E-02
3.5500E-08,1.40254E-02
3.5600E-08,1.59785E-02
3.5700E-08,1.79316E-02
3.5800E-08,1.93965E-02
3.5900E-08,2.08613E-02
3.6000E-08,2.13496E-02
3.6100E-08,2.18379E-02
3.6200E-08,2.23262E-02
3.6300E-08,2.33027E-02
3.6400E-08,2.42793E-02
3.6500E-08,2.62324E-02
3.6600E-08,2.81855E-02
3.6700E-08,2.96504E-02
3.6800E-08,3.11152E-02
3.6900E-08,3.25801E-02
3.7000E-08,3.40449E-02
3.7100E-08,3.50215E-02
3.7200E-08,3.69746E-02
3.7300E-08,3.89277E-02
3.7400E-08,4.13691E-02
3.7500E-08,4.33223E-02
3.7600E-08,4.52754E-02
3.7700E-08,4.72285E-02
3.7800E-08,4.86934E-02
3.7900E-08,5.01582E-02
3.8000E-08,5.16230E-02
3.8100E-08,5.30879E-02
3.8200E-08,5.50410E-02
3.8300E-08,5.74824E-02
3.8400E-08,6.04121E-02
3.8500E-08,6.28535E-02
3.8600E-08,6.52949E-02
3.8700E-08,6.72480E-02
3.8800E-08,6.92012E-02
3.8900E-08,7.06660E-02
3.9000E-08,7.21309E-02
3.9100E-08,7.40840E-02
3.9200E-08,7.65254E-02
3.9300E-08,7.89668E-02
3.9400E-08,8.14082E-02
3.9500E-08,8.38496E-02
3.9600E-08,8.58027E-02
3.9700E-08,8.72676E-02
3.9800E-08,8.82441E-02
3.9900E-08,8.92207E-02
4.0000E-08,9.06855E-02
4.0100E-08,9.21504E-02
4.0200E-08,9.41035E-02
4.0300E-08,9.70332E-02
4.0400E-08,9.94746E-02
4.0500E-08,1.02404E-01
4.0600E-08,1.04846E-01
4.0700E-08,1.06799E-01
4.0800E-08,1.08752E-01
4.0900E-08,1.10217E-01
4.1000E-08,1.11682E-01
4.1100E-08,1.13146E-01
4.1200E-08,1.14611E-01
4.1300E-08,1.16076E-01
4.1400E-08,1.17541E-01
4.1500E-08,1.19006E-01
4.1600E-08,1.20471E-01
4.1700E-08,1.21936E-01
4.1800E-08,1.23400E-01
4.1900E-08,1.24865E-01
4.2000E-08,1.25842E-01
4.2100E-08,1.27307E-01
4.2200E-08,1.28283E-01
4.2300E-08,1.29748E-01
4.2400E-08,1.30725E-01
4.2500E-08,1.31701E-01
4.2600E-08,1.32678E-01
4.2700E-08,1.33654E-01
4.2800E-08,1.34631E-01
4.2900E-08,1.35607E-01
4.3000E-08,1.36584E-01
4.3100E-08,1.37072E-01
4.3200E-08,1.37561E-01
4.3300E-08,1.38537E-01
4.3400E-08,1.39514E-01
4.3500E-08,1.40490E-01
4.3600E-08,1.40979E-01
4.3700E-08,1.41955E-01
4.3800E-08,1.42443E-01
4.3900E-08,1.42932E-01
4.4000E-08,1.43420E-01
4.4100E-08,1.43420E-01
4.4200E-08,1.43908E-01
4.4300E-08,1.43908E-01
4.4400E-08,1.44396E-01
4.4500E-08,1.44885E-01
4.4600E-08,1.45373E-01
4.4700E-08,1.46350E-01
4.4800E-08,1.47326E-01
4.4900E-08,1.48303E-01
4.5000E-08,1.49279E-01
4.5100E-08,1.49768E-01
4.5200E-08,1.50256E-01
4.5300E-08,1.50256E-01
4.5400E-08,1.50256E-01
4.5500E-08,1.50256E-01
4.5600E-08,1.50256E-01
4.5700E-08,1.50744E-01
4.5800E-08,1.51721E-01
4.5900E-08,1.52209E-01
4.6000E-08,1.53186E-01
4.6100E-08,1.53674E-01
4.6200E-08,1.53674E-01
4.6300E-08,1.53674E-01
4.6400E-08,1.53674E-01
4.6500E-08,1.54162E-01
4.6600E-08,1.54650E-01
4.6700E-08,1.55627E-01
4.6800E-08,1.56115E-01
4.6900E-08,1.56604E-01
4.7000E-08,1.56604E-01
4.7100E-08,1.56604E-01
4.7200E-08,1.56604E-01
4.7300E-08,1.56604E-01
4.7400E-08,1.56604E-01
4.7500E-08,1.57092E-01
4.7600E-08,1.57580E-01
4.7700E-08,1.58068E-01
4.7800E-08,1.58068E-01
4.7900E-08,1.58068E-01
4.8000E-08,1.58068E-01
4.8100E-08,1.58068E-01
4.8200E-08,1.58557E-01
4.8300E-08,1.59045E-01
4.8400E-08,1.60021E-01
4.8500E-08,1.60998E-01
4.8600E-08,1.61975E-01
4.8700E-08,1.61975E-01
4.8800E-08,1.61975E-01
4.8900E-08,1.61975E-01
4.9000E-08,1.61975E-01
4.9100E-08,1.61975E-01
4.9200E-08,1.61975E-01
4.9300E-08,1.62463E-01
4.9400E-08,1.62951E-01
4.9500E-08,1.63439E-01
4.9600E-08,1.63439E-01
4.9700E-08,1.63439E-01
4.9800E-08,1.62951E-01
4.9900E-08,1.62463E-01
5.0000E-08,1.62463E-01
5.0100E-08,1.62463E-01
5.0200E-08,1.62951E-01
5.0300E-08,1.63928E-01
5.0400E-08,1.64904E-01
5.0500E-08,1.65393E-01
5.0600E-08,1.65881E-01
5.0700E-08,1.65881E-01
5.0800E-08,1.65393E-01
5.0900E-08,1.64904E-01
5.1000E-08,1.64416E-01
5.1100E-08,1.63928E-01
5.1200E-08,1.63439E-01
5.1300E-08,1.63439E-01
5.1400E-08,1.63439E-01
5.1500E-08,1.63439E-01
5.1600E-08,1.63928E-01
5.1700E-08,1.63928E-01
5.1800E-08,1.63928E-01
5.1900E-08,1.63928E-01
5.2000E-08,1.63928E-01
5.2100E-08,1.63439E-01
5.2200E-08,1.62951E-01
5.2300E-08,1.62463E-01
5.2400E-08,1.62463E-01
5.2500E-08,1.62951E-01
5.2600E-08,1.63439E-01
5.2700E-08,1.64416E-01
5.2800E-08,1.64904E-01
5.2900E-08,1.65393E-01
5.3000E-08,1.65393E-01
5.3100E-08,1.64416E-01
5.3200E-08,1.63928E-01
5.3300E-08,1.62951E-01
5.3400E-08,1.62463E-01
5.3500E-08,1.61975E-01
5.3600E-08,1.61486E-01
5.3700E-08,1.61486E-01
5.3800E-08,1.61486E-01
5.3900E-08,1.60998E-01
5.4000E-08,1.60510E-01
5.4100E-08,1.60021E-01
5.4200E-08,1.59533E-01
5.4300E-08,1.59045E-01
5.4400E-08,1.58557E-01
5.4500E-08,1.58068E-01
5.4600E-08,1.57580E-01
5.4700E-08,1.56604E-01
5.4800E-08,1.56115E-01
5.4900E-08,1.55627E-01
5.5000E-08,1.55139E-01
5.5100E-08,1.54650E-01
5.5200E-08,1.53674E-01
5.5300E-08,1.52209E-01
5.5400E-08,1.50744E-01
5.5500E-08,1.49279E-01
5.5600E-08,1.47814E-01
5.5700E-08,1.46838E-01
5.5800E-08,1.46350E-01
5.5900E-08,1.45373E-01
5.6000E-08,1.44885E-01
5.6100E-08,1.43420E-01
5.6200E-08,1.41467E-01
5.6300E-08,1.39514E-01
5.6400E-08,1.37072E-01
5.6500E-08,1.34631E-01
5.6600E-08,1.32678E-01
5.6700E-08,1.30725E-01
5.6800E-08,1.29260E-01
5.6900E-08,1.27307E-01
5.7000E-08,1.25354E-01
5.7100E-08,1.22912E-01
5.7200E-08,1.20959E-01
5.7300E-08,1.18518E-01
5.7400E-08,1.16564E-01
5.7500E-08,1.14611E-01
5.7600E-08,1.13146E-01
5.7700E-08,1.11682E-01
5.7800E-08,1.09729E-01
5.7900E-08,1.07775E-01
5.8000E-08,1.05334E-01
5.8100E-08,1.02893E-01
5.8200E-08,1.00451E-01
5.8300E-08,9.80098E-02
5.8400E-08,9.60566E-02
5.8500E-08,9.41035E-02
5.8600E-08,9.21504E-02
5.8700E-08,9.01973E-02
5.8800E-08,8.82441E-02
5.8900E-08,8.58027E-02
5.9000E-08,8.33613E-02
5.9100E-08,8.14082E-02
5.9200E-08,7.89668E-02
5.9300E-08,7.70137E-02
5.9400E-08,7.50605E-02
5.9500E-08,7.31074E-02
5.9600E-08,7.16426E-02
5.9700E-08,6.96895E-02
5.9800E-08,6.77363E-02
5.9900E-08,6.57832E-02
